{
  "experiment": "calibrated_logreg",
  "in_dir": "c:\\Users\\Admin\\Desktop\\Desktop\\Uniud-Magistrale\\SecondYear\\LargeProject\\Progetto-Medico\\Github\\Results\\NoReservoir\\results_seed123\\Seed123_Feat",
  "out_dir": "c:\\Users\\Admin\\Desktop\\Desktop\\Uniud-Magistrale\\SecondYear\\LargeProject\\Progetto-Medico\\Github\\Results\\NoReservoir\\results_seed123\\Evaluation",
  "n_samples": 2312,
  "accuracy": 0.5168685121107266,
  "confusion_matrix": [
    [
      808,
      1079
    ],
    [
      38,
      387
    ]
  ],
  "classification_report": {
    "negative": {
      "precision": 0.9550827423167849,
      "recall": 0.4281928987811341,
      "f1-score": 0.5912916209293816,
      "support": 1887.0
    },
    "positive": {
      "precision": 0.26398362892223737,
      "recall": 0.9105882352941177,
      "f1-score": 0.4093072448439979,
      "support": 425.0
    },
    "accuracy": 0.5168685121107266,
    "macro avg": {
      "precision": 0.6095331856195112,
      "recall": 0.6693905670376259,
      "f1-score": 0.5002994328866898,
      "support": 2312.0
    },
    "weighted avg": {
      "precision": 0.8280424641192579,
      "recall": 0.5168685121107266,
      "f1-score": 0.5578386106195684,
      "support": 2312.0
    }
  },
  "extra": {
    "threshold": 0.30000000000000004,
    "val_f2": 0.6106369008535785
  }
}