{
  "experiment": "asp_approx_no_calibrator",
  "in_dir": "c:\\Users\\Admin\\Desktop\\Desktop\\Uniud-Magistrale\\SecondYear\\LargeProject\\Progetto-Medico\\Github\\Results\\NoReservoir\\results_seed123\\Seed123_Feat",
  "out_dir": "c:\\Users\\Admin\\Desktop\\Desktop\\Uniud-Magistrale\\SecondYear\\LargeProject\\Progetto-Medico\\Github\\Results\\NoReservoir\\results_seed123\\Evaluation",
  "n_samples": 2312,
  "accuracy": 0.6288927335640139,
  "confusion_matrix": [
    [
      1121,
      766
    ],
    [
      92,
      333
    ]
  ],
  "classification_report": {
    "negative": {
      "precision": 0.9241549876339654,
      "recall": 0.5940646528881823,
      "f1-score": 0.7232258064516129,
      "support": 1887.0
    },
    "positive": {
      "precision": 0.30300272975432213,
      "recall": 0.7835294117647059,
      "f1-score": 0.43700787401574803,
      "support": 425.0
    },
    "accuracy": 0.6288927335640139,
    "macro avg": {
      "precision": 0.6135788586941437,
      "recall": 0.6887970323264441,
      "f1-score": 0.5801168402336805,
      "support": 2312.0
    },
    "weighted avg": {
      "precision": 0.8099725872884428,
      "recall": 0.6288927335640139,
      "f1-score": 0.6706122159303142,
      "support": 2312.0
    }
  },
  "extra": {
    "source": "post_asp_rule_logic"
  }
}