{
  "experiment": "calibrated_logreg",
  "in_dir": "c:\\Users\\Admin\\Desktop\\Desktop\\Uniud-Magistrale\\SecondYear\\LargeProject\\Progetto-Medico\\Github\\Results\\NoReservoir\\results_seed69\\Seed69_Feat",
  "out_dir": "c:\\Users\\Admin\\Desktop\\Desktop\\Uniud-Magistrale\\SecondYear\\LargeProject\\Progetto-Medico\\Github\\Results\\NoReservoir\\results_seed69\\Evaluation",
  "n_samples": 2312,
  "accuracy": 0.5938581314878892,
  "confusion_matrix": [
    [
      997,
      890
    ],
    [
      49,
      376
    ]
  ],
  "classification_report": {
    "negative": {
      "precision": 0.9531548757170172,
      "recall": 0.5283518812930578,
      "f1-score": 0.6798499829526082,
      "support": 1887.0
    },
    "positive": {
      "precision": 0.296998420221169,
      "recall": 0.8847058823529412,
      "f1-score": 0.44470727380248376,
      "support": 425.0
    },
    "accuracy": 0.5938581314878892,
    "macro avg": {
      "precision": 0.6250766479690931,
      "recall": 0.7065288818229996,
      "f1-score": 0.562278628377546,
      "support": 2312.0
    },
    "weighted avg": {
      "precision": 0.8325378802214569,
      "recall": 0.5938581314878892,
      "f1-score": 0.6366252202411883,
      "support": 2312.0
    }
  },
  "extra": {
    "threshold": 0.35,
    "val_f2": 0.625
  }
}