{
  "task": "binary_macro_class",
  "macro_classes": {
    "negative": "benign (NV/BKL/DF/VASC)",
    "positive": "malignant (MEL/BCC/AKIEC)"
  },
  "n_samples": 2312,
  "n_valid": 2312,
  "coverage_valid": 1.0,
  "missing_predictions": 0,
  "accuracy": 0.6410034602076125,
  "macro_f1": 0.5870049551829699,
  "weighted_f1": 0.6814377474629071,
  "pred_distribution": {
    "negative": 1261,
    "positive": 1051
  },
  "classification_report": {
    "negative": {
      "precision": 0.9191118160190325,
      "recall": 0.6142024377318495,
      "f1-score": 0.7363405336721728,
      "support": 1887.0
    },
    "positive": {
      "precision": 0.3073263558515699,
      "recall": 0.76,
      "f1-score": 0.43766937669376693,
      "support": 425.0
    },
    "accuracy": 0.6410034602076125,
    "macro avg": {
      "precision": 0.6132190859353012,
      "recall": 0.6871012188659247,
      "f1-score": 0.5870049551829699,
      "support": 2312.0
    },
    "weighted avg": {
      "precision": 0.8066512534882488,
      "recall": 0.6410034602076125,
      "f1-score": 0.6814377474629071,
      "support": 2312.0
    }
  },
  "confusion_matrix": [
    [
      1159,
      728
    ],
    [
      102,
      323
    ]
  ]
}