{
  "experiment": "calibrated_logreg",
  "in_dir": "c:\\Users\\Admin\\Desktop\\Desktop\\Uniud-Magistrale\\SecondYear\\LargeProject\\Progetto-Medico\\Github\\Results\\Reservoir\\results_seed69\\Seed69_Feat",
  "out_dir": "c:\\Users\\Admin\\Desktop\\Desktop\\Uniud-Magistrale\\SecondYear\\LargeProject\\Progetto-Medico\\Github\\Results\\Reservoir\\results_seed69\\Evaluation",
  "n_samples": 2312,
  "accuracy": 0.5696366782006921,
  "confusion_matrix": [
    [
      949,
      938
    ],
    [
      57,
      368
    ]
  ],
  "classification_report": {
    "negative": {
      "precision": 0.9433399602385686,
      "recall": 0.5029146793852676,
      "f1-score": 0.656066367092983,
      "support": 1887.0
    },
    "positive": {
      "precision": 0.28177641653905056,
      "recall": 0.8658823529411764,
      "f1-score": 0.42518775274407855,
      "support": 425.0
    },
    "accuracy": 0.5696366782006921,
    "macro avg": {
      "precision": 0.6125581883888096,
      "recall": 0.684398516163222,
      "f1-score": 0.5406270599185308,
      "support": 2312.0
    },
    "weighted avg": {
      "precision": 0.8217290147055689,
      "recall": 0.5696366782006921,
      "f1-score": 0.6136254453376697,
      "support": 2312.0
    }
  },
  "extra": {
    "threshold": 0.4,
    "val_f2": 0.6278182448838016
  }
}