{
  "model": "DeepLabV3-ResNet50",
  "seed": 123,
  "num_parameters": 41994308,
  "num_parameters_M": 41.994,
  "test_metrics": {
    "loss": 0.11989326576769578,
    "pixel_accuracy": 0.9536321661771477,
    "mean_iou": 0.8189519962367491,
    "dice": 0.9004657604280799,
    "per_class_iou": {
      "background": 0.9413258410204205,
      "lesion": 0.8189519962367491
    }
  },
  "inference_latency": {
    "device": "cuda",
    "batch_size": 4,
    "warmup_runs": 10,
    "timed_runs": 50,
    "batch_mean_ms": 99.93165969848633,
    "batch_std_ms": 1.3645977112695042,
    "per_img_mean_ms": 24.982914924621582,
    "per_img_std_ms": 0.34114942781737606,
    "fps": 40.0273548149685
  }
}