{
  "model": "DeepLabV3-ResNet50",
  "seed": 42,
  "num_parameters": 41994308,
  "num_parameters_M": 41.994,
  "test_metrics": {
    "loss": 0.11668580566522287,
    "pixel_accuracy": 0.9549515292671696,
    "mean_iou": 0.8235014120723548,
    "dice": 0.9032089655872216,
    "per_class_iou": {
      "background": 0.942963212067334,
      "lesion": 0.8235014120723548
    }
  },
  "inference_latency": {
    "device": "cuda",
    "batch_size": 4,
    "warmup_runs": 10,
    "timed_runs": 50,
    "batch_mean_ms": 122.75654315948486,
    "batch_std_ms": 1.6253945580441227,
    "per_img_mean_ms": 30.689135789871216,
    "per_img_std_ms": 0.4063486395110307,
    "fps": 32.58482111868541
  }
}