{
  "model": "DenseNet-121",
  "seed": 69,
  "task": "binary_benign_vs_malignant",
  "TP": 266,
  "TN": 1382,
  "FP": 46,
  "FN": 92,
  "accuracy": 0.9227323628219485,
  "precision": 0.8525641025641025,
  "recall": 0.7430167597765364,
  "specificity": 0.9677871148459384,
  "f1_score": 0.7940298507462686
}