{
  "model": "DenseNet-50",
  "seed": 69,
  "task": "binary_benign_vs_malignant",
  "TP": 203,
  "TN": 1347,
  "FP": 81,
  "FN": 155,
  "accuracy": 0.8678611422172452,
  "precision": 0.7147887323943662,
  "recall": 0.5670391061452514,
  "specificity": 0.9432773109243697,
  "f1_score": 0.6323987538940811
}