{
  "TP": 316,
  "TN": 1789,
  "FP": 85,
  "FN": 122,
  "accuracy": 0.9104671280276817,
  "precision": 0.7880299251870324,
  "recall": 0.7214611872146118,
  "specificity": 0.9546424759871932,
  "f1_score": 0.7532777115613826
}