{
  "TP": 291,
  "TN": 1788,
  "FP": 86,
  "FN": 147,
  "accuracy": 0.8992214532871973,
  "precision": 0.7718832891246684,
  "recall": 0.6643835616438356,
  "specificity": 0.9541088580576307,
  "f1_score": 0.7141104294478529
}