{
  "TP": 279,
  "TN": 1304,
  "FP": 124,
  "FN": 79,
  "accuracy": 0.8863381858902576,
  "precision": 0.6923076923076923,
  "recall": 0.7793296089385475,
  "specificity": 0.9131652661064426,
  "f1_score": 0.7332457293035479
}