{
  "TP": 171,
  "TN": 1359,
  "FP": 41,
  "FN": 163,
  "accuracy": 0.8823529411764706,
  "precision": 0.8066037735849056,
  "recall": 0.5119760479041916,
  "specificity": 0.9707142857142858,
  "f1_score": 0.6263736263736263
}