{
  "TP": 249,
  "TN": 1338,
  "FP": 90,
  "FN": 109,
  "accuracy": 0.8885778275475924,
  "precision": 0.7345132743362832,
  "recall": 0.6955307262569832,
  "specificity": 0.9369747899159664,
  "f1_score": 0.7144906743185079
}