{
  "TP": 231,
  "TN": 1821,
  "FP": 53,
  "FN": 207,
  "accuracy": 0.8875432525951558,
  "precision": 0.8133802816901409,
  "recall": 0.5273972602739726,
  "specificity": 0.971718249733191,
  "f1_score": 0.6398891966759003
}