{
  "TP": 255,
  "TN": 1350,
  "FP": 78,
  "FN": 103,
  "accuracy": 0.8986562150055991,
  "precision": 0.7657657657657657,
  "recall": 0.7122905027932961,
  "specificity": 0.9453781512605042,
  "f1_score": 0.7380607814761215
}