{
  "TP": 285,
  "TN": 1822,
  "FP": 52,
  "FN": 153,
  "accuracy": 0.9113321799307958,
  "precision": 0.8456973293768546,
  "recall": 0.6506849315068494,
  "specificity": 0.9722518676627535,
  "f1_score": 0.7354838709677419
}