{
  "TP": 325,
  "TN": 1689,
  "FP": 185,
  "FN": 113,
  "accuracy": 0.8711072664359861,
  "precision": 0.6372549019607843,
  "recall": 0.7420091324200914,
  "specificity": 0.9012806830309499,
  "f1_score": 0.6856540084388186
}