{
  "TP": 303,
  "TN": 1794,
  "FP": 80,
  "FN": 135,
  "accuracy": 0.9070069204152249,
  "precision": 0.7911227154046997,
  "recall": 0.6917808219178082,
  "specificity": 0.9573105656350054,
  "f1_score": 0.7381242387332522
}