{
  "TP": 227,
  "TN": 1323,
  "FP": 77,
  "FN": 107,
  "accuracy": 0.8938869665513264,
  "precision": 0.7467105263157895,
  "recall": 0.6796407185628742,
  "specificity": 0.945,
  "f1_score": 0.7115987460815048
}