{
  "TP": 268,
  "TN": 1805,
  "FP": 69,
  "FN": 170,
  "accuracy": 0.8966262975778547,
  "precision": 0.7952522255192879,
  "recall": 0.6118721461187214,
  "specificity": 0.9631803628601922,
  "f1_score": 0.6916129032258064
}