{
  "TP": 315,
  "TN": 1756,
  "FP": 118,
  "FN": 123,
  "accuracy": 0.8957612456747405,
  "precision": 0.7274826789838337,
  "recall": 0.7191780821917808,
  "specificity": 0.9370330843116329,
  "f1_score": 0.7233065442020664
}