{
  "TP": 360,
  "TN": 1642,
  "FP": 232,
  "FN": 78,
  "accuracy": 0.865916955017301,
  "precision": 0.6081081081081081,
  "recall": 0.821917808219178,
  "specificity": 0.8762006403415155,
  "f1_score": 0.6990291262135923
}