{
  "test_metrics": {
    "classification_loss": 1.2149363065266918,
    "segmentation_loss": 0.08992704238652358,
    "segmentation_dice": 0.917899464859682,
    "segmentation_mean_iou": 0.8662600892637841,
    "segmentation_pixel_accuracy": 0.9643483915854946,
    "classification_accuracy": 0.8572664359824513,
    "classification_precision": 0.781737208366394,
    "classification_recall": 0.7158013582229614,
    "classification_f1": 0.7377163171768188,
    "classification_sensitivity": 0.7158013582229614,
    "classification_specificity": 0.9537079930305481
  },
  "inference_latency": {
    "Classification only": {
      "batch_mean_ms": 104.44822072982788,
      "batch_std_ms": 0.6229983158935954,
      "per_img_mean_ms": 6.5280137956142426,
      "per_img_std_ms": 0.038937394743349715,
      "fps": 153.18595078212556
    },
    "Segmentation only": {
      "batch_mean_ms": 61.36833906173706,
      "batch_std_ms": 0.657670474047848,
      "per_img_mean_ms": 7.671042382717133,
      "per_img_std_ms": 0.082208809255981,
      "fps": 130.36037999907302
    },
    "Combined (both)": {
      "batch_mean_ms": 104.52674388885498,
      "batch_std_ms": 0.6652419022323703,
      "per_img_mean_ms": 6.532921493053436,
      "per_img_std_ms": 0.041577618889523146,
      "fps": 153.0708735844012
    }
  },
  "num_parameters": 32350473,
  "num_parameters_M": 32.35,
  "trainable_parameters": 32125129,
  "non_trainable_parameters": 225344
}