{
  "TP": 272,
  "TN": 1823,
  "FP": 51,
  "FN": 166,
  "accuracy": 0.9061418685121108,
  "precision": 0.8421052631578947,
  "recall": 0.6210045662100456,
  "specificity": 0.9727854855923159,
  "f1_score": 0.7148488830486203
}