{
  "TP": 138,
  "TN": 1368,
  "FP": 32,
  "FN": 196,
  "accuracy": 0.8685121107266436,
  "precision": 0.8117647058823529,
  "recall": 0.41317365269461076,
  "specificity": 0.9771428571428571,
  "f1_score": 0.5476190476190476
}