{
  "test_metrics": {
    "classification_loss": 1.1169919285361238,
    "segmentation_loss": 0.0843682401849015,
    "segmentation_dice": 0.9219829739171328,
    "segmentation_mean_iou": 0.8711882559485914,
    "segmentation_pixel_accuracy": 0.9665370456546598,
    "classification_accuracy": 0.878027681657102,
    "classification_precision": 0.834022581577301,
    "classification_recall": 0.7791692614555359,
    "classification_f1": 0.8044613003730774,
    "classification_sensitivity": 0.7791692614555359,
    "classification_specificity": 0.9636832475662231
  },
  "inference_latency": {
    "Classification only": {
      "batch_mean_ms": 106.56248331069946,
      "batch_std_ms": 0.8425371454954812,
      "per_img_mean_ms": 6.660155206918716,
      "per_img_std_ms": 0.052658571593467575,
      "fps": 150.14665108122074
    },
    "Segmentation only": {
      "batch_mean_ms": 62.5764799118042,
      "batch_std_ms": 0.6285907168056348,
      "per_img_mean_ms": 7.822059988975525,
      "per_img_std_ms": 0.07857383960070435,
      "fps": 127.84356057220324
    },
    "Combined (both)": {
      "batch_mean_ms": 106.77680730819702,
      "batch_std_ms": 0.8188145373955923,
      "per_img_mean_ms": 6.673550456762314,
      "per_img_std_ms": 0.05117590858722452,
      "fps": 149.84527448754048
    }
  },
  "num_parameters": 32350473,
  "num_parameters_M": 32.35,
  "trainable_parameters": 32125129,
  "non_trainable_parameters": 225344
}