{
  "TP": 332,
  "TN": 1723,
  "FP": 151,
  "FN": 106,
  "accuracy": 0.888840830449827,
  "precision": 0.6873706004140787,
  "recall": 0.7579908675799086,
  "specificity": 0.9194236926360726,
  "f1_score": 0.7209554831704669
}