{
  "TP": 338,
  "TN": 1710,
  "FP": 164,
  "FN": 100,
  "accuracy": 0.8858131487889274,
  "precision": 0.6733067729083665,
  "recall": 0.771689497716895,
  "specificity": 0.9124866595517609,
  "f1_score": 0.7191489361702127
}