{
  "model": "ResNet-50",
  "seed": 42,
  "task": "binary_benign_vs_malignant",
  "TP": 274,
  "TN": 1389,
  "FP": 39,
  "FN": 84,
  "accuracy": 0.931131019036954,
  "precision": 0.8753993610223643,
  "recall": 0.7653631284916201,
  "specificity": 0.9726890756302521,
  "f1_score": 0.8166915052160953
}